{
    "model_NBoW_epochs_5_1_GPUs_rank_0": {
        "world_size": 1,
        "rank": 0,
        "training_times": [
            2.1849527489994216,
            1.3529885689995353,
            1.4764224939999622,
            1.6056621790003192,
            1.3749822519994268
        ],
        "train_losses": [
            0.6767507013009519,
            0.6162113364861936,
            0.5276859396574448,
            0.4412096173179393,
            0.3750281084556969
        ],
        "train_accurcy": [
            0.6688810112525005,
            0.7534843391301681,
            0.8038745133244262,
            0.8441854484227239,
            0.8708779057677911
        ],
        "validation_times": [
            0.2572129899999709,
            0.25657655899976817,
            0.37378750299922103,
            0.30781376199956867,
            0.26290195000001404
        ],
        "validation_losses": [
            0.6548984738496634,
            0.5860025470073407,
            0.509284264766253,
            0.44830634731512803,
            0.4078606894383064
        ],
        "validation_accurcy": [
            0.7206662755746108,
            0.7570726367143484,
            0.7973370597912715,
            0.8271328485929049,
            0.838925302028656
        ],
        "test_time": 0.8858625349994327,
        "test_loss": 0.4076293884096919,
        "test_acc": 0.8395648743655231,
        "epoch_times": [
            2.499175814999944,
            1.6832331449995763,
            1.9903593230001206,
            1.9811463100004403,
            1.690121427000122
        ]
    },
    "model_NBoW_epochs_5_2_GPUs_rank_1": {
        "world_size": 2,
        "rank": 1,
        "training_times": [
            1.1386311830001432,
            0.8532081230005133,
            0.8992193779995432,
            0.934479595999619,
            0.9430942139997569
        ],
        "train_losses": [
            0.6857678461074829,
            0.6599711894989013,
            0.6226797914505005,
            0.5737880206108094,
            0.5199544405937195
        ],
        "train_accurcy": [
            0.634551887512207,
            0.7277741742134094,
            0.7544855546951293,
            0.7798820757865905,
            0.8098938679695129
        ],
        "validation_times": [
            0.14337212600003113,
            0.14245131999996374,
            0.14404089399977238,
            0.15151885799969023,
            0.14216322800075432
        ],
        "validation_losses": [
            0.6757762176649911,
            0.6488744275910514,
            0.6113126618521554,
            0.5671029261180333,
            0.5219843855925969
        ],
        "validation_accurcy": [
            0.6874420898301261,
            0.7152438504355294,
            0.7369124889373779,
            0.7736428124564034,
            0.801170825958252
        ],
        "test_time": 0.8483604390003165,
        "test_loss": 0.5220963068910547,
        "test_acc": 0.7926433940191526,
        "epoch_times": [
            1.374500087999877,
            1.070536737999646,
            1.116577048000181,
            1.1626355300004434,
            1.1603093160001663
        ]
    },
    "model_NBoW_epochs_5_2_GPUs_rank_0": {
        "world_size": 2,
        "rank": 0,
        "training_times": [
            1.2177563620007277,
            0.8532434250000733,
            0.899182226999983,
            0.9345151950001309,
            0.9431051789997582
        ],
        "train_losses": [
            0.6854906558990479,
            0.6597521519660949,
            0.622563636302948,
            0.5738141536712646,
            0.5200123453140258
        ],
        "train_accurcy": [
            0.6383991742134094,
            0.73203125,
            0.7556117343902587,
            0.780994987487793,
            0.8096919226646423
        ],
        "validation_times": [
            0.1428776739994646,
            0.1417115410004044,
            0.14250123600049847,
            0.14918859399949724,
            0.14363129699995625
        ],
        "validation_losses": [
            0.6738319311823163,
            0.6449382049696786,
            0.6054793000221252,
            0.5606951287814549,
            0.5168575048446655
        ],
        "validation_accurcy": [
            0.7175602231706891,
            0.739323616027832,
            0.7615502902439663,
            0.7786651338849749,
            0.7955009681837899
        ],
        "test_time": 0.8576754489995437,
        "test_loss": 0.5220963068910547,
        "test_acc": 0.7926433940191526,
        "epoch_times": [
            1.4536675969993667,
            1.0705358479999632,
            1.1165351720001127,
            1.162684550999984,
            1.1603071279996584
        ]
    }
}