{
    "model_NBoW_epochs_5_1_GPUs_rank_0": {
        "world_size": 1,
        "rank": 0,
        "training_times": [
            2.308017811999889,
            1.3069890299998406,
            1.6423091609999574,
            1.6042803059999642,
            1.3555154579998998
        ],
        "train_losses": [
            0.6767507013009519,
            0.6162113364861936,
            0.5276859396574448,
            0.4412096173179393,
            0.3750281084556969
        ],
        "train_accurcy": [
            0.6688810112525005,
            0.7534843391301681,
            0.8038745133244262,
            0.8441854484227239,
            0.8708779057677911
        ],
        "validation_times": [
            0.3436997839999094,
            0.24859638099997028,
            0.3715796239998781,
            0.2492112760000964,
            0.24887800499982404
        ],
        "validation_losses": [
            0.6548984738496634,
            0.5860025470073407,
            0.509284264766253,
            0.44830634731512803,
            0.4078606894383064
        ],
        "validation_accurcy": [
            0.7206662755746108,
            0.7570726367143484,
            0.7973370597912715,
            0.8271328485929049,
            0.838925302028656
        ],
        "test_time": 0.8488445369998772,
        "test_loss": 0.4076293884096919,
        "test_acc": 0.8395648743655231,
        "epoch_times": [
            2.703705485000228,
            1.6314328690000366,
            2.1214822980000463,
            1.9349456360000659,
            1.6853973810002572
        ]
    }
}