{
    "model_seq2seq_epochs_10_2_GPUs_rank_1": {
        "world_size": 2,
        "rank": 1,
        "training_times": [
            26.331268225000258,
            26.445025815999998,
            27.450465428999905,
            27.02656547100014,
            26.89270281800009,
            26.835463395999795,
            26.927771426000163,
            26.755007573000057,
            26.746201176999875,
            26.737934458999916
        ],
        "train_losses": [
            5.797069927741742,
            5.03876204326235,
            4.964020827720905,
            4.894055152761525,
            4.753777553295267,
            4.604174531739334,
            4.4820307534316495,
            4.37106283779802,
            4.282366801952493,
            4.196270942687988
        ],
        "train_accurcy": [
            0.0,
            0.0,
            0.0,
            0.0,
            0.0,
            0.0,
            0.0,
            0.0,
            0.0,
            0.0
        ],
        "validation_times": [
            0.46122433299979093,
            0.48657160099992325,
            0.48999715800027843,
            0.5270498149998275,
            0.4952255680000235,
            0.47742637100009233,
            0.47772881300033987,
            0.5090687160000016,
            0.47952646300018387,
            0.4913576339999963
        ],
        "validation_losses": [
            5.00405216217041,
            4.927020072937012,
            4.948414325714111,
            4.929308891296387,
            4.904242992401123,
            4.945072174072266,
            4.838399410247803,
            4.731428146362305,
            4.826897144317627,
            4.676758289337158
        ],
        "validation_accurcy": [
            0.0,
            0.0,
            0.0,
            0.0,
            0.0,
            0.0,
            0.0,
            0.0,
            0.0,
            0.0
        ],
        "test_time": 0.9610174889999143,
        "test_loss": 4.657866954803467,
        "test_acc": 0.0,
        "epoch_times": [
            26.948012843000015,
            27.059181169000112,
            27.940469020000364,
            27.55362100299999,
            27.51750698800015,
            27.31289541399974,
            27.53100429699998,
            27.382299371000045,
            27.225734542999817,
            27.346649516999605
        ]
    },
    "model_seq2seq_epochs_10_2_GPUs_rank_0": {
        "world_size": 2,
        "rank": 0,
        "training_times": [
            26.32623782699966,
            26.450535821999893,
            27.45047274200033,
            27.000376165000034,
            26.862300501999925,
            26.835529983000015,
            26.897146881000026,
            26.755130671000188,
            26.74650721299986,
            26.712518291999913
        ],
        "train_losses": [
            5.783839110670419,
            5.030860802222943,
            4.958552015238795,
            4.881615556519607,
            4.744670029344229,
            4.581569556532235,
            4.478304188826988,
            4.361374591958934,
            4.274001918990036,
            4.224428119330571
        ],
        "train_accurcy": [
            0.0,
            0.0,
            0.0,
            0.0,
            0.0,
            0.0,
            0.0,
            0.0,
            0.0,
            0.0
        ],
        "validation_times": [
            0.49530921599989597,
            0.5143879270003708,
            0.5161558029999469,
            0.5577840450000622,
            0.5240486420002526,
            0.5081505279999874,
            0.5035235340001236,
            0.5384891369999423,
            0.5049523029997545,
            0.5033947389997593
        ],
        "validation_losses": [
            5.030846118927002,
            4.957339286804199,
            4.985982418060303,
            4.957976341247559,
            4.9525933265686035,
            4.9925055503845215,
            4.864522457122803,
            4.746598243713379,
            4.849884986877441,
            4.68903112411499
        ],
        "validation_accurcy": [
            0.0,
            0.0,
            0.0,
            0.0,
            0.0,
            0.0,
            0.0,
            0.0,
            0.0,
            0.0
        ],
        "test_time": 0.961782342999868,
        "test_loss": 4.657866954803467,
        "test_acc": 0.0,
        "epoch_times": [
            26.937305812999966,
            27.06456801000013,
            27.96663198899978,
            27.55816469699994,
            27.48698092299992,
            27.343685130999802,
            27.5002570810002,
            27.38225993700007,
            27.251465943999847,
            27.32116935499971
        ]
    }
}