{
    "model_seq2seq_epochs_10_1_GPUs_rank_0": {
        "world_size": 1,
        "rank": 0,
        "training_times": [
            47.16316745800009,
            46.94130295800005,
            46.532696490000035,
            47.005719878000036,
            47.19540640800005,
            46.57325836100017,
            47.00955270899999,
            47.02761977399996,
            46.64163606400007,
            47.32490030099984
        ],
        "train_losses": [
            5.441743240021823,
            4.963086797479997,
            4.783206011119642,
            4.5471876796923185,
            4.359833332530239,
            4.2320021328173185,
            4.135529928040087,
            4.018008286492867,
            3.9349471184245326,
            3.8569892205690084
        ],
        "train_accurcy": [
            0.0,
            0.0,
            0.0,
            0.0,
            0.0,
            0.0,
            0.0,
            0.0,
            0.0,
            0.0
        ],
        "validation_times": [
            0.8826905110001917,
            0.8960000530000798,
            0.8781280460000289,
            0.8844462989998192,
            0.8846845729999586,
            0.8839379069997904,
            0.8825743160000457,
            0.8828564739999365,
            0.9032039189999068,
            0.8965317649999633
        ],
        "validation_losses": [
            4.956487417221069,
            4.988407373428345,
            4.9475603103637695,
            4.800781726837158,
            4.773529052734375,
            4.707363128662109,
            4.604056119918823,
            4.521566152572632,
            4.437496185302734,
            4.40390944480896
        ],
        "validation_accurcy": [
            0.0,
            0.0,
            0.0,
            0.0,
            0.0,
            0.0,
            0.0,
            0.0,
            0.0,
            0.0
        ],
        "test_time": 0.8647187840001607,
        "test_loss": 4.384670734405518,
        "test_acc": 0.0,
        "epoch_times": [
            48.19433266399983,
            47.83730867700001,
            47.54484318499999,
            48.02512598699991,
            48.205331650999824,
            47.579250624,
            48.01499092699987,
            48.03303744599998,
            47.71771019800008,
            48.34066315799987
        ]
    }
}