{
    "model_MLP_epochs_10_1_GPUs_rank_0": {
        "world_size": 1,
        "rank": 0,
        "training_times": [
            25.07095786000002,
            24.097374865999996,
            25.041668361000006,
            23.695987471999956,
            23.446311888000025,
            23.656010772000002,
            23.549250009000048,
            25.05051306200005,
            24.063874981000026,
            24.23295672100005
        ],
        "train_losses": [
            0.7922265926059687,
            0.2972701807629387,
            0.20581964206583095,
            0.16582901628231103,
            0.14609757522648237,
            0.12886368455189579,
            0.11714786509016775,
            0.10921225225869215,
            0.09867220702317525,
            0.0952763852645766
        ],
        "train_accurcy": [
            0.7582043538678367,
            0.9109755805078542,
            0.9390723272314612,
            0.9500921289875822,
            0.9552218458562527,
            0.9608048352430452,
            0.9645108591835454,
            0.9653166768685827,
            0.9686591001051776,
            0.9703960306239579
        ],
        "validation_times": [
            2.397905589000004,
            2.4724363270000254,
            2.9913680549999526,
            3.0033536939999976,
            3.112732152000035,
            3.1755527109999093,
            3.152254497000058,
            2.818608020999932,
            2.4783909840000433,
            2.431495967000046
        ],
        "validation_losses": [
            0.41400399804115295,
            0.256504088640213,
            0.19692757663627466,
            0.17660991164545217,
            0.14852837411065897,
            0.13870570560296377,
            0.13612848209838072,
            0.12261779047548771,
            0.10576959016422431,
            0.11114993753532569
        ],
        "validation_accurcy": [
            0.874872624874115,
            0.9255264947811762,
            0.9442722499370575,
            0.9439467291037241,
            0.9553611874580383,
            0.955078125,
            0.9596566458543142,
            0.9616734633843104,
            0.9690259844064713,
            0.9677592863639196
        ],
        "test_time": 2.075617143000045,
        "test_loss": 0.065787145588547,
        "test_acc": 0.9806123614311218,
        "epoch_times": [
            27.47385714500001,
            26.572515854000017,
            28.035529820000022,
            26.70239484900003,
            26.561708160999956,
            26.83413056200004,
            26.704055082999957,
            27.87158944800001,
            26.54479655,
            26.66445550399999
        ]
    }
}