{
    "model_MLP_epochs_10_2_GPUs_rank_0": {
        "world_size": 2,
        "rank": 0,
        "training_times": [
            11.036684612000045,
            10.063002621999885,
            10.040405540000165,
            10.615060218000053,
            10.050230611000188,
            10.053528216999894,
            10.530615213999909,
            10.006178201000012,
            10.401671490000126,
            10.124594850999983
        ],
        "train_losses": [
            1.0299948262718488,
            0.463071770825476,
            0.2937737371561662,
            0.22450002521838783,
            0.18445642292499542,
            0.16402075214768355,
            0.14298707654453674,
            0.13635534807196203,
            0.12543005791475187,
            0.11512009644845747
        ],
        "train_accurcy": [
            0.684620884229552,
            0.8635752763388291,
            0.9131294533891497,
            0.9345801124032939,
            0.9455986855165014,
            0.9514478681222448,
            0.9589553632826175,
            0.9607508902279835,
            0.9630090189429948,
            0.9641514128109194
        ],
        "validation_times": [
            1.1219073449999541,
            1.103514443999984,
            1.109404121000125,
            1.0802470930000254,
            1.0609122500000012,
            1.2010674559999188,
            1.0864463840000553,
            1.1505437770001663,
            1.0814899179999884,
            1.0746013660000244
        ],
        "validation_losses": [
            0.630997101465861,
            0.3787408222754796,
            0.25402074803908664,
            0.22133244077364603,
            0.17965544139345488,
            0.17052468284964561,
            0.15729019045829773,
            0.13671212643384933,
            0.12935875977079073,
            0.11081209902962048
        ],
        "validation_accurcy": [
            0.8040068646272024,
            0.8880149126052856,
            0.9271721045176188,
            0.9321555395921072,
            0.94696377714475,
            0.9483191271622976,
            0.9502130647500356,
            0.9654533565044403,
            0.9601384898026785,
            0.9670809606711069
        ],
        "test_time": 1.7812015459999202,
        "test_loss": 0.07583497818559408,
        "test_acc": 0.9761144310235977,
        "epoch_times": [
            12.16106541199997,
            11.168992216000106,
            11.152474005000158,
            11.697995107999986,
            11.113612743999965,
            11.257867569000155,
            11.619741145000035,
            11.15963279000016,
            11.4857992069999,
            11.201659791999873
        ]
    },
    "model_MLP_epochs_10_2_GPUs_rank_1": {
        "world_size": 2,
        "rank": 1,
        "training_times": [
            11.034985760000154,
            10.095947512000066,
            10.074894381999911,
            10.638379131999955,
            10.025412986999982,
            10.067763422000098,
            10.603887532000044,
            9.999091748999945,
            10.408164617000011,
            9.985955948000083
        ],
        "train_losses": [
            1.0208366254590593,
            0.4693947248863724,
            0.29392630649062823,
            0.221341517174019,
            0.18345958781692218,
            0.15843878981639753,
            0.14308247223215284,
            0.12860780335822194,
            0.11954773020631862,
            0.11086567294485164
        ],
        "train_accurcy": [
            0.6840375346957512,
            0.8604538834319925,
            0.912536694193786,
            0.9354041736080961,
            0.9461781157637542,
            0.9519606513797112,
            0.956268346534585,
            0.9609116248364719,
            0.9638393521308899,
            0.9669717224139087
        ],
        "validation_times": [
            1.08880276900004,
            1.0690445860000182,
            1.086267510000198,
            1.1047194560001117,
            1.0464686740001525,
            1.127771649999886,
            1.0936692299999322,
            1.1447580970000217,
            1.2198010720001093,
            1.089178836000201
        ],
        "validation_losses": [
            0.6234348913033804,
            0.3730203111966451,
            0.25725650042295456,
            0.20931711792945862,
            0.17359679689009985,
            0.17254123091697693,
            0.15312657381097475,
            0.14948426187038422,
            0.13858614241083464,
            0.1272269201775392
        ],
        "validation_accurcy": [
            0.8112866878509521,
            0.8916489084561666,
            0.9317234754562378,
            0.9390447437763214,
            0.9464725355307261,
            0.9467980563640594,
            0.9500473439693451,
            0.9536872605482737,
            0.9577000439167023,
            0.9592684606711069
        ],
        "test_time": 1.8040904779998073,
        "test_loss": 0.07583497818559408,
        "test_acc": 0.9761144310235977,
        "epoch_times": [
            12.126451339000141,
            11.167753477999895,
            11.163627185999985,
            11.745664975999944,
            11.074569075999989,
            11.198620916999971,
            11.700099376000026,
            11.146575921000021,
            11.630377471999964,
            11.077518253000108
        ]
    }
}