{
    "model_MLP_epochs_10_1_GPUs_dev0_0_dev1_1_rank_0": {
        "world_size": 1,
        "rank": 0,
        "training_times": [
            20.146822287000077,
            20.113556401999972,
            19.90877474399997,
            19.671511790000068,
            19.81493919000002,
            19.766206543999942,
            19.579938363999872,
            19.960553953999806,
            19.642633768999985,
            19.670118029999912
        ],
        "train_losses": [
            0.7922265926059687,
            0.2972701807629387,
            0.20581964206583095,
            0.16582901628231103,
            0.14609757522648237,
            0.12886368455189579,
            0.11714786509016775,
            0.10921225225869215,
            0.09867220702317525,
            0.0952763852645766
        ],
        "train_accurcy": [
            0.7582043538678367,
            0.9109755805078542,
            0.9390723272314612,
            0.9500921289875822,
            0.9552218458562527,
            0.9608048352430452,
            0.9645108591835454,
            0.9653166768685827,
            0.9686591001051776,
            0.9703960306239579
        ],
        "validation_times": [
            2.1012835960000302,
            2.1685489200000347,
            2.2282525640000586,
            2.1221780460000446,
            2.1691570950000596,
            2.1582386970000016,
            2.334606421999979,
            2.154465509000147,
            2.151834538999992,
            2.108018204000018
        ],
        "validation_losses": [
            0.41400399804115295,
            0.256504088640213,
            0.19692757663627466,
            0.17660991164545217,
            0.14852837411065897,
            0.13870570560296377,
            0.13612848209838072,
            0.12261779047548771,
            0.10576959016422431,
            0.11114993753532569
        ],
        "validation_accurcy": [
            0.874872624874115,
            0.9255264947811762,
            0.9442722499370575,
            0.9439467291037241,
            0.9553611874580383,
            0.955078125,
            0.9596566458543142,
            0.9616734633843104,
            0.9690259844064713,
            0.9677592863639196
        ],
        "test_time": 1.7688845719999335,
        "test_loss": 0.065787145588547,
        "test_acc": 0.9806123614311218,
        "epoch_times": [
            22.251382974999956,
            22.284629541999948,
            22.139503515,
            21.796095364000053,
            21.986468977000072,
            21.926863261999983,
            21.917010791999928,
            22.117434998000135,
            21.79697113499992,
            21.778138648000095
        ]
    }
}