{
    "vgg11_1_GPUs": {
        "world_size": 1,
        "rank": 0,
        "training_times": [
            213.92666645499997,
            212.64508575899998,
            213.01092491099996
        ],
        "train_losses": [
            0.8900691886149829,
            0.7934155357205961,
            0.7860364764081559
        ],
        "train_accurcy": [
            0.6935634328358209,
            0.7222370291400142,
            0.7254797441364605
        ],
        "validation_times": [
            20.03642074200002,
            19.88630949000003,
            20.23476120600003
        ],
        "validation_losses": [
            0.7019079473747569,
            0.6530422653741897,
            0.6409967181978712
        ],
        "validation_accurcy": [
            0.7565684713375797,
            0.7689092356687898,
            0.7742834394904459
        ],
        "test_time": 40.31715399799998,
        "test_loss": 0.653367040018304,
        "test_acc": 0.7675718849840255,
        "epoch_times": [
            237.50767603199998,
            237.953561166,
            239.05582809500004
        ]
    }
}