{
    "model_vgg11_epochs_3_2_GPUs_rank_0": {
        "world_size": 2,
        "rank": 0,
        "training_times": [
            110.74038475099997,
            112.79319475500006,
            113.2284722689999
        ],
        "train_losses": [
            0.9076834181746976,
            0.7821477866646919,
            0.7698723445223137
        ],
        "train_accurcy": [
            0.6902521306818182,
            0.7275834517045454,
            0.7300692471590909
        ],
        "validation_times": [
            10.130589512000142,
            9.810544689000153,
            9.779023087000041
        ],
        "validation_losses": [
            0.6788505319553085,
            0.6273105981983716,
            0.6297892320759689
        ],
        "validation_accurcy": [
            0.7662183544303798,
            0.7863924050632911,
            0.7772943037974683
        ],
        "test_time": 39.49097912499997,
        "test_loss": 0.6355439879642889,
        "test_acc": 0.7748602236421726,
        "epoch_times": [
            121.89491177500008,
            124.25482348000014,
            123.00749905499993
        ]
    },
    "model_vgg11_epochs_3_2_GPUs_rank_1": {
        "world_size": 2,
        "rank": 1,
        "training_times": [
            110.7410151680001,
            113.87139031299989,
            114.79498494100017
        ],
        "train_losses": [
            0.9136615829880942,
            0.781227441970259,
            0.7728576245929368
        ],
        "train_accurcy": [
            0.6891867897727273,
            0.7284268465909091,
            0.7278053977272727
        ],
        "validation_times": [
            10.076203330999988,
            9.895666252000183,
            9.863476426000034
        ],
        "validation_losses": [
            0.6730411905276624,
            0.6260148549004446,
            0.6157332794575752
        ],
        "validation_accurcy": [
            0.7666139240506329,
            0.7832278481012658,
            0.7863924050632911
        ],
        "test_time": 39.668740679000166,
        "test_loss": 0.6355439879642889,
        "test_acc": 0.7748602236421726,
        "epoch_times": [
            120.81722263200004,
            123.76705968600004,
            124.65846493699996
        ]
    }
}