{
    "model_CNN_epochs_20_1_GPUs_rank_0": {
        "world_size": 1,
        "rank": 0,
        "training_times": [
            22.141157991,
            23.086865001999968,
            21.90052817800006,
            22.40996195599996,
            21.75725400500005,
            21.284435022000025,
            21.427077747000112,
            21.819400221000024,
            22.045773349,
            22.35280884299982,
            22.53204851800001,
            22.172644943000023,
            22.241207652000185,
            22.144836512999973,
            22.264563351000106,
            21.930214567999883,
            22.21177637200003,
            22.31231172699995,
            21.717903767999815,
            21.52322078799989
        ],
        "train_losses": [
            1.8636474863372066,
            1.7728679688139395,
            1.746531512757594,
            1.7334986855699257,
            1.7206287067383528,
            1.707949808883396,
            1.706124402921308,
            1.7157229523767124,
            1.689754930748181,
            1.6870908227495172,
            1.687771507284858,
            1.6820886240086772,
            1.684334324164824,
            1.681890555742112,
            1.6831529142165726,
            1.6795785081657497,
            1.6827541718428785,
            1.6775669961829076,
            1.6777031159197742,
            1.6686970557678829
        ],
        "train_accurcy": [
            0.3059303977272727,
            0.3418634588068182,
            0.3563787286931818,
            0.3616388494318182,
            0.3665438565340909,
            0.36942915482954547,
            0.3702725497159091,
            0.36616654829545453,
            0.3791725852272727,
            0.37983842329545453,
            0.37715287642045453,
            0.381591796875,
            0.3818137428977273,
            0.38536487926136365,
            0.3818359375,
            0.38414417613636365,
            0.38416637073863635,
            0.383056640625,
            0.3870516690340909,
            0.39024769176136365
        ],
        "validation_times": [
            1.9432036730001983,
            1.9857411169998613,
            1.9868108579998989,
            1.969570110000177,
            2.3854641880000145,
            2.728174093000007,
            2.5035382859998663,
            2.1999509669999497,
            1.9805985060002058,
            2.008889715000123,
            1.9979435160000776,
            1.9972863519999464,
            2.0215328060000957,
            1.9435138789999655,
            1.956743639000024,
            2.0077482290000717,
            2.0068016530001387,
            1.9697339510000802,
            2.215895441999919,
            2.61446485700003
        ],
        "validation_losses": [
            1.7393103943595403,
            1.6876941376094576,
            1.6625036861323104,
            1.6443659866912455,
            1.6455217826215527,
            1.6580644166922267,
            1.7036219925820073,
            1.6126990770991845,
            1.6305653641495523,
            1.6593595471563218,
            1.6076073329659957,
            1.606205455864532,
            1.6654073769533182,
            1.578787901733495,
            1.604937165598326,
            1.5847103897529313,
            1.5974303604681281,
            1.5998736921745011,
            1.619837016998967,
            1.572137055517752
        ],
        "validation_accurcy": [
            0.3514636075949367,
            0.3785601265822785,
            0.3939873417721519,
            0.3981408227848101,
            0.3959651898734177,
            0.39893196202531644,
            0.37895569620253167,
            0.4056566455696203,
            0.4007120253164557,
            0.3999208860759494,
            0.41356803797468356,
            0.4084256329113924,
            0.3888449367088608,
            0.41337025316455694,
            0.40545886075949367,
            0.42464398734177217,
            0.41475474683544306,
            0.41752373417721517,
            0.40644778481012656,
            0.42266613924050633
        ],
        "test_time": 2.4665908140000283,
        "test_loss": 1.524348043332434,
        "test_acc": 0.4359076433121019,
        "epoch_times": [
            24.09009504400001,
            25.07757512000012,
            23.893066324999836,
            24.38457642000003,
            24.142722478999985,
            24.012612579999995,
            23.93061994100003,
            24.028202008000108,
            24.026376867999943,
            24.36170216200003,
            24.536802181999974,
            24.175075156000048,
            24.262743404000048,
            24.093470885999977,
            24.221310492000157,
            23.93796585899986,
            24.218581921000123,
            24.28204881800002,
            23.933802618999835,
            24.142971809999835
        ]
    }
}