{
    "model_CNN_epochs_20_2_GPUs_rank_1": {
        "world_size": 2,
        "rank": 1,
        "training_times": [
            11.819656340999927,
            10.379714953000075,
            11.318608711000024,
            10.531734692999976,
            10.441659966000088,
            11.096179139000014,
            10.569016436000084,
            10.984315388999903,
            10.714933189000021,
            10.526224705999994,
            11.094681853000111,
            10.392504879999933,
            10.174295579000045,
            10.790242896000109,
            10.260624594999854,
            10.26052037699992,
            10.984918531999938,
            10.237696724999978,
            10.766586298999982,
            10.252838514000132
        ],
        "train_losses": [
            2.3081618120724503,
            2.303295338018374,
            2.3033041249622,
            2.3033079620112074,
            2.303310023790056,
            2.303311224688183,
            2.3033119771968233,
            2.3033124858682807,
            2.303312787278132,
            2.303313036533919,
            2.303313184868206,
            2.303313294594938,
            2.3033133663914422,
            2.30331339687109,
            2.3033134510571305,
            2.3033134564757347,
            2.3033134910193356,
            2.303313498469916,
            2.3033135018565436,
            2.3033135201443327
        ],
        "train_accurcy": [
            0.09949100379493427,
            0.09873638731766153,
            0.09847005209038881,
            0.09847005209038881,
            0.09847005209038881,
            0.09829249527220699,
            0.09829249527220699,
            0.09829249527220699,
            0.09829249527220699,
            0.09829249527220699,
            0.09829249527220699,
            0.09829249527220699,
            0.09829249527220699,
            0.09829249527220699,
            0.09829249527220699,
            0.09829249527220699,
            0.09829249527220699,
            0.09829249527220699,
            0.09829249527220699,
            0.09829249527220699
        ],
        "validation_times": [
            1.083432001999995,
            0.9840982199999644,
            1.0328432009999915,
            0.9922464379999383,
            1.0343220150000434,
            1.0161701679999169,
            0.9713970630000404,
            0.9760928770001556,
            1.0230552909999915,
            0.968919994999851,
            1.0432672910001202,
            1.0105301689998214,
            0.9413350059999175,
            1.0062565189998622,
            0.9511276149999048,
            0.9857803830000194,
            0.9987375190000876,
            0.9748778990001483,
            1.0414041940000516,
            0.9761498049999773
        ],
        "validation_losses": [
            2.3046344757080077,
            2.3047033965587618,
            2.304727303981781,
            2.30473855137825,
            2.3047448217868807,
            2.30474893450737,
            2.3047513365745544,
            2.304753041267395,
            2.3047540962696074,
            2.3047548472881316,
            2.3047554433345794,
            2.304755562543869,
            2.3047559440135954,
            2.304756188392639,
            2.3047561585903167,
            2.3047561943531036,
            2.3047561585903167,
            2.3047563791275025,
            2.3047563314437864,
            2.3047564566135406
        ],
        "validation_accurcy": [
            0.0890625,
            0.0890625,
            0.0890625,
            0.0890625,
            0.0890625,
            0.0890625,
            0.0890625,
            0.0890625,
            0.0890625,
            0.0890625,
            0.0890625,
            0.0890625,
            0.0890625,
            0.0890625,
            0.0890625,
            0.0890625,
            0.0890625,
            0.0890625,
            0.0890625,
            0.0890625
        ],
        "test_time": 2.6548133439998765,
        "test_loss": 2.303515122954253,
        "test_acc": 0.10041799363057324,
        "epoch_times": [
            12.91111090100003,
            11.363815692000003,
            12.351454171,
            11.523983821999991,
            11.475984722999897,
            12.11235194699998,
            11.540416170000071,
            11.96041126099999,
            11.737992576999886,
            11.495147169999882,
            12.137951683999972,
            11.403037408000046,
            11.115632863999963,
            11.796502163000014,
            11.211754682999981,
            11.246303276000162,
            11.983659604999957,
            11.212577039000053,
            11.807993762000024,
            11.228991163000046
        ]
    },
    "model_CNN_epochs_20_2_GPUs_rank_0": {
        "world_size": 2,
        "rank": 0,
        "training_times": [
            11.81966473600005,
            10.379736048999916,
            11.332328028000006,
            10.550365694999982,
            10.444289266999931,
            11.096577547999914,
            10.539563931999965,
            10.98000818599985,
            10.704814571000043,
            10.556749594999928,
            11.094148554999947,
            10.408746956999948,
            10.191223436999962,
            10.798663438000176,
            10.300823822999973,
            10.298728929999925,
            11.008145787000103,
            10.247902287999977,
            10.779353635999996,
            10.274166435000097
        ],
        "train_losses": [
            2.308331595903093,
            2.3032017302784054,
            2.3032064099203455,
            2.3032083308154885,
            2.3032093488357286,
            2.3032099049199712,
            2.3032102699984205,
            2.303210513158278,
            2.303210670297796,
            2.3032107773152264,
            2.303210859271613,
            2.3032109263268383,
            2.303210931068117,
            2.3032109744169493,
            2.30321098186753,
            2.30321098796346,
            2.303211013701829,
            2.3032110177657823,
            2.3032110103152017,
            2.303211025893688
        ],
        "train_accurcy": [
            0.10011738479476083,
            0.09993982797657902,
            0.10038372002203357,
            0.10038372002203357,
            0.10038372002203357,
            0.10042810922657902,
            0.10042810922657902,
            0.10042810922657902,
            0.10042810922657902,
            0.10042810922657902,
            0.10042810922657902,
            0.10042810922657902,
            0.10042810922657902,
            0.10042810922657902,
            0.10042810922657902,
            0.10042810922657902,
            0.10042810922657902,
            0.10042810922657902,
            0.10042810922657902,
            0.10042810922657902
        ],
        "validation_times": [
            1.0833460220000006,
            0.9703167939999275,
            1.0139726859999882,
            0.9898651940000036,
            1.033924253999885,
            1.0457592080001632,
            0.9754905059999146,
            0.9862923989999217,
            0.9923302629999853,
            0.9696096930001659,
            1.0269338949999565,
            0.9936010940000415,
            0.9330772549999438,
            0.9658802029998697,
            0.912932463000061,
            0.9627142310000636,
            0.9883131450001201,
            0.9622694380000212,
            1.0199299300002167,
            0.9706591789999948
        ],