{
    "model_ConvolutionalAutoencoder_epochs_10_2_GPUs_rank_0": {
        "world_size": 2,
        "rank": 0,
        "training_times": [
            6.083394990999977,
            5.004632646999994,
            5.4283708039999965,
            4.991400576000046,
            5.014277149000009,
            5.026364519000026,
            5.082330501999991,
            5.554327439000076,
            5.054285964999963,
            5.071249874999921
        ],
        "train_losses": [
            0.06296554248850633,
            0.022982622931548062,
            0.02062925367320389,
            0.018737263382761188,
            0.0169128072205313,
            0.015735305981463377,
            0.014872528893996683,
            0.014262001228770374,
            0.013822211480094783,
            0.013511529852199188
        ],
        "train_accurcy": [
            0.0,
            0.0,
            0.0,
            0.0,
            0.0,
            0.0,
            0.0,
            0.0,
            0.0,
            0.0
        ],
        "validation_times": [
            0.3703812090000156,
            0.4903563289999511,
            0.3704907279999361,
            0.36734487199998966,
            0.3670644019999827,
            0.38257702299995344,
            0.3660321139999496,
            0.37249939800005905,
            0.36493190900000627,
            0.4034038590000364
        ],
        "validation_losses": [
            0.024875916778407198,
            0.02162963447180834,
            0.01979078168168347,
            0.017698881899977616,
            0.016311603439773652,
            0.015286796855086342,
            0.014574236870604627,
            0.014034549507530445,
            0.01366280145110919,
            0.013387924298009973
        ],
        "validation_accurcy": [
            0.0,
            0.0,
            0.0,
            0.0,
            0.0,
            0.0,
            0.0,
            0.0,
            0.0,
            0.0
        ],
        "test_time": 1.1955644649999613,
        "test_loss": 0.012975268890135014,
        "test_acc": 0.0,
        "epoch_times": [
            6.455778656999996,
            5.496425466000005,
            5.799898983000048,
            5.360478193000063,
            5.382529160000104,
            5.41020752899999,
            5.449720420000062,
            5.9278583729999355,
            5.420711191999999,
            5.475901285999953
        ]
    },
    "model_ConvolutionalAutoencoder_epochs_10_2_GPUs_rank_1": {
        "world_size": 2,
        "rank": 1,
        "training_times": [
            6.082432285999971,
            5.004327122000063,
            5.472539325000071,
            4.982676255999991,
            5.001404402000048,
            5.021401791000017,
            5.0916469200000165,
            5.545720372999995,
            5.049249874999987,
            5.050198483000031
        ],
        "train_losses": [
            0.0628100161515706,
            0.022834769785580758,
            0.020465814627671695,
            0.018572050763594243,
            0.016753381495562634,
            0.015574008485708403,
            0.014723474168664472,
            0.014119105472039626,
            0.013685804771886193,
            0.013378306304135524
        ],
        "train_accurcy": [
            0.0,
            0.0,
            0.0,
            0.0,
            0.0,
            0.0,
            0.0,
            0.0,
            0.0,
            0.0
        ],
        "validation_times": [
            0.3697551980000071,
            0.446686199999931,
            0.37913702000003013,
            0.3801974570000084,
            0.3721765509999386,
            0.37288028500006476,
            0.3750672649999842,
            0.3774513459999298,
            0.3865829769999891,
            0.40952969299996766
        ],
        "validation_losses": [
            0.02481825077074005,
            0.021466305043469084,
            0.019580528457114037,
            0.017485637376283076,
            0.016118332654475532,
            0.015103521717197083,
            0.01440220924609519,
            0.013870557354010165,
            0.013509290005536155,
            0.013242683670622236
        ],
        "validation_accurcy": [
            0.0,
            0.0,
            0.0,
            0.0,
            0.0,
            0.0,
            0.0,
            0.0,
            0.0,
            0.0
        ],
        "test_time": 1.249012453999967,
        "test_loss": 0.012975268890135014,
        "test_acc": 0.0,
        "epoch_times": [
            6.4546680629999855,
            5.452350380000098,
            5.852798851999978,
            5.364581221000094,
            5.374692844000037,
            5.395852353999999,
            5.4676754849999725,
            5.92414721099999,
            5.4368685700000015,
            5.460959544000048
        ]
    }
}