{
    "model_ConvolutionalAutoencoder_epochs_10_1_GPUs_rank_0": {
        "world_size": 1,
        "rank": 0,
        "training_times": [
            11.743737511999996,
            11.171455176999984,
            11.151778203999982,
            11.234709366999994,
            11.942894088000003,
            11.207499620000021,
            11.19992565900003,
            11.392358468000054,
            11.369282287000033,
            11.250207785000043
        ],
        "train_losses": [
            0.05044854622360725,
            0.028948534600065925,
            0.024653793317023047,
            0.022648569452465992,
            0.0217184870795157,
            0.02115250853887843,
            0.02079590281440713,
            0.020542550269267146,
            0.020333883716168667,
            0.02015143741083318
        ],
        "train_accurcy": [
            0.0,
            0.0,
            0.0,
            0.0,
            0.0,
            0.0,
            0.0,
            0.0,
            0.0,
            0.0
        ],
        "validation_times": [
            0.8307582300000149,
            0.824744317000011,
            0.8506961610000303,
            0.8517921839999758,
            0.8502120359999594,
            0.8453040399999736,
            0.8664154239999675,
            0.8544945800000505,
            0.8437402240000438,
            0.8529779689999941
        ],
        "validation_losses": [
            0.030421973275456655,
            0.026715532935997273,
            0.02325278228307341,
            0.022078717692180515,
            0.02137363578212705,
            0.02094440508950898,
            0.020657445744987814,
            0.020436189231522222,
            0.020220053342587137,
            0.020047028806615384
        ],
        "validation_accurcy": [
            0.0,
            0.0,
            0.0,
            0.0,
            0.0,
            0.0,
            0.0,
            0.0,
            0.0,
            0.0
        ],
        "test_time": 1.3911058620000176,
        "test_loss": 0.019831504643011016,
        "test_acc": 0.0,
        "epoch_times": [
            12.576403451999965,
            11.997598331000006,
            12.004571671999997,
            12.08811679400003,
            12.794682676000036,
            12.054350521000003,
            12.067829351,
            12.248366668000017,
            12.214484805999973,
            12.104647605999958
        ]
    }
}